[{"model": "admin.logentry", "pk": 18, "fields": {"action_time": "2025-11-03T13:34:48.610Z", "user": 3, "content_type": 4, "object_id": "2", "object_repr": "ana_sha", "action_flag": 2, "change_message": "[{\"changed\": {\"fields\": [\"password\"]}}]"}}, {"model": "admin.logentry", "pk": 19, "fields": {"action_time": "2025-11-06T17:19:33.647Z", "user": 3, "content_type": 8, "object_id": "6", "object_repr": "Batik Remekan Wonogiren Motif 5", "action_flag": 2, "change_message": "[{\"changed\": {\"fields\": [\"Gambar\"]}}]"}}, {"model": "admin.logentry", "pk": 20, "fields": {"action_time": "2025-11-06T17:20:57.809Z", "user": 3, "content_type": 8, "object_id": "6", "object_repr": "Batik Remekan Wonogiren Motif 5", "action_flag": 2, "change_message": "[{\"changed\": {\"fields\": [\"Deskripsi\"]}}]"}}, {"model": "admin.logentry", "pk": 21, "fields": {"action_time": "2025-11-06T17:22:35.809Z", "user": 3, "content_type": 8, "object_id": "6", "object_repr": "Batik Remekan Wonogiren Motif 5", "action_flag": 2, "change_message": "[{\"changed\": {\"fields\": [\"Deskripsi\"]}}]"}}, {"model": "admin.logentry", "pk": 22, "fields": {"action_time": "2025-11-06T17:24:29.126Z", "user": 3, "content_type": 8, "object_id": "6", "object_repr": "Batik Remekan Wonogiren Motif 5", "action_flag": 2, "change_message": "[{\"changed\": {\"fields\": [\"Deskripsi\"]}}]"}}, {"model": "admin.logentry", "pk": 23, "fields": {"action_time": "2025-11-06T17:28:47.350Z", "user": 3, "content_type": 8, "object_id": "6", "object_repr": "Batik Remekan Wonogiren Motif 5", "action_flag": 2, "change_message": "[{\"changed\": {\"fields\": [\"Deskripsi\"]}}]"}}, {"model": "admin.logentry", "pk": 24, "fields": {"action_time": "2025-11-06T17:29:23.516Z", "user": 3, "content_type": 8, "object_id": "5", "object_repr": "Batik Remekan Wonogiren Motif 4", "action_flag": 2, "change_message": "[{\"changed\": {\"fields\": [\"Gambar\", \"Deskripsi\"]}}]"}}, {"model": "admin.logentry", "pk": 25, "fields": {"action_time": "2025-11-06T17:29:37.589Z", "user": 3, "content_type": 8, "object_id": "4", "object_repr": "Batik Remekan Wonogiren Motif 2", "action_flag": 2, "change_message": "[{\"changed\": {\"fields\": [\"Gambar\", \"Deskripsi\"]}}]"}}, {"model": "admin.logentry", "pk": 26, "fields": {"action_time": "2025-11-06T17:29:49.925Z", "user": 3, "content_type": 8, "object_id": "3", "object_repr": "Batik Remekan Wonogiren Motif 1", "action_flag": 2, "change_message": "[{\"changed\": {\"fields\": [\"Gambar\", \"Deskripsi\"]}}]"}}, {"model": "admin.logentry", "pk": 27, "fields": {"action_time": "2025-11-06T17:30:04.772Z", "user": 3, "content_type": 8, "object_id": "1", "object_repr": "Batik Remekan Wonogiren Motif 3", "action_flag": 2, "change_message": "[{\"changed\": {\"fields\": [\"Gambar\", \"Deskripsi\"]}}]"}}, {"model": "admin.logentry", "pk": 28, "fields": {"action_time": "2025-11-06T17:31:44.178Z", "user": 3, "content_type": 8, "object_id": "2", "object_repr": "Batik Kawung Motif 2", "action_flag": 2, "change_message": "[{\"changed\": {\"fields\": [\"Gambar\", \"Deskripsi\"]}}]"}}, {"model": "admin.logentry", "pk": 29, "fields": {"action_time": "2025-11-08T10:57:48.414Z", "user": 3, "content_type": 10, "object_id": "6", "object_repr": "Pesanan 6", "action_flag": 2, "change_message": "[{\"changed\": {\"fields\": [\"Lunas\", \"Status pengiriman\"]}}]"}}, {"model": "admin.logentry", "pk": 30, "fields": {"action_time": "2025-11-20T10:07:48.200Z", "user": 3, "content_type": 7, "object_id": "6", "object_repr": "Batik Tulis Motif 3", "action_flag": 1, "change_message": "[{\"added\": {}}]"}}, {"model": "admin.logentry", "pk": 31, "fields": {"action_time": "2025-11-20T10:09:51.048Z", "user": 3, "content_type": 10, "object_id": "7", "object_repr": "Pesanan 7", "action_flag": 2, "change_message": "[{\"changed\": {\"fields\": [\"Status pengiriman\"]}}]"}}, {"model": "admin.logentry", "pk": 32, "fields": {"action_time": "2025-11-25T03:41:04.155Z", "user": 3, "content_type": 10, "object_id": "8", "object_repr": "Pesanan 8", "action_flag": 2, "change_message": "[{\"changed\": {\"fields\": [\"Status pengiriman\"]}}]"}}, {"model": "admin.logentry", "pk": 33, "fields": {"action_time": "2025-11-25T03:42:36.883Z", "user": 3, "content_type": 10, "object_id": "8", "object_repr": "Pesanan 8", "action_flag": 2, "change_message": "[{\"changed\": {\"fields\": [\"Status pengiriman\"]}}]"}}, {"model": "admin.logentry", "pk": 34, "fields": {"action_time": "2025-11-25T03:43:24.686Z", "user": 3, "content_type": 10, "object_id": "8", "object_repr": "Pesanan 8", "action_flag": 2, "change_message": "[{\"changed\": {\"fields\": [\"Status pengiriman\"]}}]"}}, {"model": "admin.logentry", "pk": 35, "fields": {"action_time": "2025-11-25T03:44:34.505Z", "user": 3, "content_type": 10, "object_id": "8", "object_repr": "Pesanan 8", "action_flag": 2, "change_message": "[{\"changed\": {\"fields\": [\"Status pengiriman\"]}}]"}}, {"model": "admin.logentry", "pk": 36, "fields": {"action_time": "2025-11-25T04:43:42.679Z", "user": 3, "content_type": 10, "object_id": "8", "object_repr": "Pesanan 8", "action_flag": 2, "change_message": "[{\"changed\": {\"fields\": [\"Status pengiriman\"]}}]"}}, {"model": "admin.logentry", "pk": 37, "fields": {"action_time": "2025-11-25T04:49:57.156Z", "user": 3, "content_type": 10, "object_id": "8", "object_repr": "Pesanan 8", "action_flag": 2, "change_message": "[{\"changed\": {\"fields\": [\"Status pengiriman\"]}}]"}}, {"model": "admin.logentry", "pk": 38, "fields": {"action_time": "2025-11-25T04:54:22.012Z", "user": 3, "content_type": 10, "object_id": "9", "object_repr": "Pesanan 9", "action_flag": 2, "change_message": "[{\"changed\": {\"fields\": [\"Lunas\", \"Status pengiriman\"]}}]"}}, {"model": "admin.logentry", "pk": 39, "fields": {"action_time": "2025-11-25T04:54:33.915Z", "user": 3, "content_type": 10, "object_id": "9", "object_repr": "Pesanan 9", "action_flag": 2, "change_message": "[{\"changed\": {\"fields\": [\"Status pengiriman\"]}}]"}}, {"model": "admin.logentry", "pk": 40, "fields": {"action_time": "2025-11-25T05:30:52.458Z", "user": 3, "content_type": 10, "object_id": "10", "object_repr": "Pesanan 10", "action_flag": 2, "change_message": "[{\"changed\": {\"fields\": [\"Lunas\", \"Status pengiriman\"]}}]"}}, {"model": "admin.logentry", "pk": 41, "fields": {"action_time": "2025-11-25T05:31:02.569Z", "user": 3, "content_type": 10, "object_id": "10", "object_repr": "Pesanan 10", "action_flag": 2, "change_message": "[{\"changed\": {\"fields\": [\"Nomor resi\"]}}]"}}, {"model": "admin.logentry", "pk": 42, "fields": {"action_time": "2025-12-11T07:58:34.425Z", "user": 3, "content_type": 10, "object_id": "15", "object_repr": "Pesanan 15", "action_flag": 2, "change_message": "[{\"changed\": {\"fields\": [\"Lunas\"]}}]"}}, {"model": "admin.logentry", "pk": 43, "fields": {"action_time": "2025-12-11T14:50:56.033Z", "user": 3, "content_type": 10, "object_id": "25", "object_repr": "Pesanan 25", "action_flag": 2, "change_message": "[{\"changed\": {\"fields\": [\"Lunas\"]}}]"}}, {"model": "admin.logentry", "pk": 44, "fields": {"action_time": "2025-12-13T15:06:43.582Z", "user": 3, "content_type": 8, "object_id": "6", "object_repr": "Batik Remekan Wonogiren Motif 5", "action_flag": 3, "change_message": ""}}, {"model": "admin.logentry", "pk": 45, "fields": {"action_time": "2025-12-13T15:06:46.591Z", "user": 3, "content_type": 8, "object_id": "5", "object_repr": "Batik Remekan Wonogiren Motif 4", "action_flag": 3, "change_message": ""}}, {"model": "admin.logentry", "pk": 46, "fields": {"action_time": "2025-12-13T15:06:48.292Z", "user": 3, "content_type": 8, "object_id": "4", "object_repr": "Batik Remekan Wonogiren Motif 2", "action_flag": 3, "change_message": ""}}, {"model": "admin.logentry", "pk": 47, "fields": {"action_time": "2025-12-13T15:06:50.055Z", "user": 3, "content_type": 8, "object_id": "3", "object_repr": "Batik Remekan Wonogiren Motif 1", "action_flag": 3, "change_message": ""}}, {"model": "admin.logentry", "pk": 48, "fields": {"action_time": "2025-12-13T15:06:51.683Z", "user": 3, "content_type": 8, "object_id": "2", "object_repr": "Batik Kawung Motif 2", "action_flag": 3, "change_message": ""}}, {"model": "admin.logentry", "pk": 49, "fields": {"action_time": "2025-12-13T15:06:53.149Z", "user": 3, "content_type": 8, "object_id": "1", "object_repr": "Batik Remekan Wonogiren Motif 3", "action_flag": 3, "change_message": ""}}, {"model": "admin.logentry", "pk": 50, "fields": {"action_time": "2025-12-13T15:06:59.300Z", "user": 3, "content_type": 10, "object_id": "38", "object_repr": "Pesanan 38", "action_flag": 3, "change_message": ""}}, {"model": "admin.logentry", "pk": 51, "fields": {"action_time": "2025-12-13T15:10:28.846Z", "user": 3, "content_type": 10, "object_id": "37", "object_repr": "Pesanan 37", "action_flag": 3, "change_message": ""}}, {"model": "admin.logentry", "pk": 52, "fields": {"action_time": "2025-12-13T15:10:32.536Z", "user": 3, "content_type": 10, "object_id": "36", "object_repr": "Pesanan 36", "action_flag": 3, "change_message": ""}}, {"model": "admin.logentry", "pk": 53, "fields": {"action_time": "2025-12-13T15:10:35.409Z", "user": 3, "content_type": 7, "object_id": "6", "object_repr": "Batik Tulis Motif 3", "action_flag": 3, "change_message": ""}}, {"model": "admin.logentry", "pk": 54, "fields": {"action_time": "2025-12-13T15:10:37.801Z", "user": 3, "content_type": 7, "object_id": "5", "object_repr": "Warna Coklat", "action_flag": 3, "change_message": ""}}, {"model": "admin.logentry", "pk": 55, "fields": {"action_time": "2025-12-13T15:10:39.569Z", "user": 3, "content_type": 7, "object_id": "4", "object_repr": "Warna Alam", "action_flag": 3, "change_message": ""}}, {"model": "admin.logentry", "pk": 56, "fields": {"action_time": "2025-12-13T15:10:41.969Z", "user": 3, "content_type": 7, "object_id": "3", "object_repr": "Batik Indigo", "action_flag": 3, "change_message": ""}}, {"model": "admin.logentry", "pk": 57, "fields": {"action_time": "2025-12-13T15:10:43.546Z", "user": 3, "content_type": 7, "object_id": "2", "object_repr": "Batik Remekan", "action_flag": 3, "change_message": ""}}, {"model": "admin.logentry", "pk": 58, "fields": {"action_time": "2025-12-13T15:10:44.880Z", "user": 3, "content_type": 7, "object_id": "1", "object_repr": "Batik Tulis", "action_flag": 3, "change_message": ""}}, {"model": "admin.logentry", "pk": 59, "fields": {"action_time": "2025-12-13T15:13:18.235Z", "user": 3, "content_type": 7, "object_id": "7", "object_repr": "Batik Tulis", "action_flag": 1, "change_message": "[{\"added\": {}}]"}}, {"model": "admin.logentry", "pk": 60, "fields": {"action_time": "2025-12-13T15:13:27.146Z", "user": 3, "content_type": 7, "object_id": "8", "object_repr": "Batik Ciprat", "action_flag": 1, "change_message": "[{\"added\": {}}]"}}, {"model": "admin.logentry", "pk": 61, "fields": {"action_time": "2025-12-13T15:13:32.968Z", "user": 3, "content_type": 7, "object_id": "9", "object_repr": "Batik Cap", "action_flag": 1, "change_message": "[{\"added\": {}}]"}}, {"model": "admin.logentry", "pk": 62, "fields": {"action_time": "2025-12-13T15:14:14.611Z", "user": 3, "content_type": 7, "object_id": "10", "object_repr": "Batik Kontemporer", "action_flag": 1, "change_message": "[{\"added\": {}}]"}}, {"model": "admin.logentry", "pk": 63, "fields": {"action_time": "2025-12-13T15:17:16.456Z", "user": 3, "content_type": 8, "object_id": "7", "object_repr": "Batik Remekan Wonogiren Motif 1", "action_flag": 1, "change_message": "[{\"added\": {}}]"}}, {"model": "admin.logentry", "pk": 64, "fields": {"action_time": "2025-12-13T15:20:17.526Z", "user": 3, "content_type": 7, "object_id": "11", "object_repr": "Warna Alam", "action_flag": 1, "change_message": "[{\"added\": {}}]"}}, {"model": "admin.logentry", "pk": 65, "fields": {"action_time": "2025-12-13T15:21:15.888Z", "user": 3, "content_type": 8, "object_id": "8", "object_repr": "Batik Remekan Wonogiren Motif 2", "action_flag": 1, "change_message": "[{\"added\": {}}]"}}, {"model": "admin.logentry", "pk": 66, "fields": {"action_time": "2025-12-13T15:21:57.194Z", "user": 3, "content_type": 8, "object_id": "9", "object_repr": "Batik Remekan Wonogiren Motif 3", "action_flag": 1, "change_message": "[{\"added\": {}}]"}}, {"model": "admin.logentry", "pk": 67, "fields": {"action_time": "2025-12-13T15:22:44.979Z", "user": 3, "content_type": 8, "object_id": "7", "object_repr": "Batik Remekan Wonogiren Motif 1", "action_flag": 3, "change_message": ""}}, {"model": "admin.logentry", "pk": 68, "fields": {"action_time": "2025-12-13T15:22:46.575Z", "user": 3, "content_type": 8, "object_id": "8", "object_repr": "Batik Remekan Wonogiren Motif 2", "action_flag": 3, "change_message": ""}}, {"model": "admin.logentry", "pk": 69, "fields": {"action_time": "2025-12-13T15:22:49.946Z", "user": 3, "content_type": 8, "object_id": "9", "object_repr": "Batik Remekan Wonogiren Motif 3", "action_flag": 3, "change_message": ""}}, {"model": "admin.logentry", "pk": 70, "fields": {"action_time": "2025-12-13T15:40:38.342Z", "user": 3, "content_type": 8, "object_id": "10", "object_repr": "Batik Wonogiren Motif Bunga Tabur Warna (Sogan)", "action_flag": 1, "change_message": "[{\"added\": {}}]"}}, {"model": "admin.logentry", "pk": 71, "fields": {"action_time": "2025-12-13T15:43:24.029Z", "user": 3, "content_type": 8, "object_id": "11", "object_repr": "Batik Remekan Wonogiren Motif Lung Pakis", "action_flag": 1, "change_message": "[{\"added\": {}}]"}}, {"model": "admin.logentry", "pk": 72, "fields": {"action_time": "2025-12-13T15:44:12.241Z", "user": 3, "content_type": 8, "object_id": "10", "object_repr": "Batik Remekan Wonogiren Motif Bunga Tabur (Sogan)", "action_flag": 2, "change_message": "[{\"changed\": {\"fields\": [\"Nama\"]}}]"}}, {"model": "admin.logentry", "pk": 73, "fields": {"action_time": "2025-12-13T15:46:45.632Z", "user": 3, "content_type": 8, "object_id": "12", "object_repr": "Batik Remekan Wonogiren Motif Dedaunan Tropis", "action_flag": 1, "change_message": "[{\"added\": {}}]"}}, {"model": "admin.logentry", "pk": 74, "fields": {"action_time": "2025-12-13T15:48:02.004Z", "user": 3, "content_type": 8, "object_id": "13", "object_repr": "Batik Wonogiren Motif Kepang Kembang", "action_flag": 1, "change_message": "[{\"added\": {}}]"}}, {"model": "admin.logentry", "pk": 75, "fields": {"action_time": "2025-12-13T15:49:37.107Z", "user": 3, "content_type": 8, "object_id": "14", "object_repr": "Batik Remekan Wonogiren Motif Kupu-kupu", "action_flag": 1, "change_message": "[{\"added\": {}}]"}}, {"model": "admin.logentry", "pk": 76, "fields": {"action_time": "2025-12-13T15:52:10.161Z", "user": 3, "content_type": 8, "object_id": "15", "object_repr": "Batik Wonogiren Motif Lereng Burung Hong", "action_flag": 1, "change_message": "[{\"added\": {}}]"}}, {"model": "admin.logentry", "pk": 77, "fields": {"action_time": "2025-12-13T15:53:07.448Z", "user": 3, "content_type": 8, "object_id": "16", "object_repr": "Batik Remekan Wonogiren Motif Kipas Tari Nusantara", "action_flag": 1, "change_message": "[{\"added\": {}}]"}}, {"model": "admin.logentry", "pk": 78, "fields": {"action_time": "2025-12-13T15:54:19.934Z", "user": 3, "content_type": 8, "object_id": "17", "object_repr": "Batik Remekan Wonogiren Motif Tumpal Pecah", "action_flag": 1, "change_message": "[{\"added\": {}}]"}}, {"model": "admin.logentry", "pk": 79, "fields": {"action_time": "2025-12-13T15:55:23.548Z", "user": 3, "content_type": 8, "object_id": "18", "object_repr": "Batik Wonogiren Motif Kombinasi Teratai & Catur", "action_flag": 1, "change_message": "[{\"added\": {}}]"}}, {"model": "admin.logentry", "pk": 80, "fields": {"action_time": "2025-12-13T15:56:30.181Z", "user": 3, "content_type": 8, "object_id": "19", "object_repr": "Batik Remekan Wonogiren Motif Kombinasi Gedheg & Kawung", "action_flag": 1, "change_message": "[{\"added\": {}}]"}}, {"model": "admin.logentry", "pk": 81, "fields": {"action_time": "2025-12-13T15:57:23.245Z", "user": 3, "content_type": 8, "object_id": "18", "object_repr": "Batik Wonogiren Motif Kombinasi Teratai & Catur", "action_flag": 2, "change_message": "[{\"changed\": {\"fields\": [\"Gambar\"]}}]"}}, {"model": "admin.logentry", "pk": 82, "fields": {"action_time": "2025-12-13T16:00:42.837Z", "user": 3, "content_type": 8, "object_id": "20", "object_repr": "Batik Remekan Wonogiren Motif Semen Romo Sogan", "action_flag": 1, "change_message": "[{\"added\": {}}]"}}, {"model": "admin.logentry", "pk": 83, "fields": {"action_time": "2025-12-13T16:01:40.114Z", "user": 3, "content_type": 8, "object_id": "21", "object_repr": "Batik Remekan Wonogiren Motif Ceplok Mahkota Raja", "action_flag": 1, "change_message": "[{\"added\": {}}]"}}, {"model": "admin.logentry", "pk": 84, "fields": {"action_time": "2025-12-13T16:03:09.599Z", "user": 3, "content_type": 8, "object_id": "22", "object_repr": "Batik Remekan Wonogiren Motif Parang Klitik Stilisasi", "action_flag": 1, "change_message": "[{\"added\": {}}]"}}, {"model": "admin.logentry", "pk": 85, "fields": {"action_time": "2025-12-13T16:04:27.175Z", "user": 3, "content_type": 8, "object_id": "23", "object_repr": "Batik Remekan Wonogiren Motif Gurdo Kembang Setaman", "action_flag": 1, "change_message": "[{\"added\": {}}]"}}, {"model": "admin.logentry", "pk": 86, "fields": {"action_time": "2025-12-13T16:06:22.637Z", "user": 3, "content_type": 8, "object_id": "24", "object_repr": "Batik Remekan Wonogiren Motif Bunga Hitam Kontras", "action_flag": 1, "change_message": "[{\"added\": {}}]"}}, {"model": "admin.logentry", "pk": 87, "fields": {"action_time": "2025-12-13T16:07:17.089Z", "user": 3, "content_type": 8, "object_id": "25", "object_repr": "Batik Remekan Wonogiren Motif Daun Jarak", "action_flag": 1, "change_message": "[{\"added\": {}}]"}}, {"model": "admin.logentry", "pk": 88, "fields": {"action_time": "2025-12-13T16:08:23.684Z", "user": 3, "content_type": 8, "object_id": "26", "object_repr": "Batik Wonogiren Motif Mandala Kamboja", "action_flag": 1, "change_message": "[{\"added\": {}}]"}}, {"model": "admin.logentry", "pk": 89, "fields": {"action_time": "2025-12-13T16:09:26.968Z", "user": 3, "content_type": 8, "object_id": "27", "object_repr": "Batik Remekan Wonogiren Motif Sulur Anggrek Tepi Gelap", "action_flag": 1, "change_message": "[{\"added\": {}}]"}}, {"model": "admin.logentry", "pk": 90, "fields": {"action_time": "2025-12-13T16:10:41.412Z", "user": 3, "content_type": 7, "object_id": "12", "object_repr": "Bati Semi Tulis & Cap", "action_flag": 1, "change_message": "[{\"added\": {}}]"}}, {"model": "admin.logentry", "pk": 91, "fields": {"action_time": "2025-12-13T16:11:09.889Z", "user": 3, "content_type": 7, "object_id": "12", "object_repr": "Batik Semi Tulis & Cap", "action_flag": 2, "change_message": "[{\"changed\": {\"fields\": [\"Nama\"]}}]"}}, {"model": "admin.logentry", "pk": 92, "fields": {"action_time": "2025-12-13T16:12:18.599Z", "user": 3, "content_type": 8, "object_id": "28", "object_repr": "Batik Remekan Wonogiren Motif Ceplok Serangga Unik", "action_flag": 1, "change_message": "[{\"added\": {}}]"}}, {"model": "admin.logentry", "pk": 93, "fields": {"action_time": "2025-12-13T16:17:49.044Z", "user": 3, "content_type": 8, "object_id": "29", "object_repr": "Batik Remekan Wonogiren Motif Ceplok Manggis Seling Garis", "action_flag": 1, "change_message": "[{\"added\": {}}]"}}, {"model": "admin.logentry", "pk": 94, "fields": {"action_time": "2025-12-13T16:18:44.473Z", "user": 3, "content_type": 8, "object_id": "30", "object_repr": "Batik Remekan Wonogiren Motif Ceplok Kembang Tanjung", "action_flag": 1, "change_message": "[{\"added\": {}}]"}}, {"model": "admin.logentry", "pk": 95, "fields": {"action_time": "2025-12-13T16:19:49.243Z", "user": 3, "content_type": 8, "object_id": "31", "object_repr": "Batik Remekan Wonogiren Motif Kombinasi Kawung Lereng", "action_flag": 1, "change_message": "[{\"added\": {}}]"}}, {"model": "admin.logentry", "pk": 96, "fields": {"action_time": "2025-12-16T08:01:44.782Z", "user": 3, "content_type": 7, "object_id": "7", "object_repr": "Batik Tulis Wonogiren", "action_flag": 2, "change_message": "[{\"changed\": {\"fields\": [\"Nama\"]}}]"}}, {"model": "admin.logentry", "pk": 97, "fields": {"action_time": "2025-12-16T08:02:42.206Z", "user": 3, "content_type": 7, "object_id": "13", "object_repr": "Kain Mentahan", "action_flag": 1, "change_message": "[{\"added\": {}}]"}}, {"model": "admin.logentry", "pk": 98, "fields": {"action_time": "2025-12-16T08:02:49.216Z", "user": 3, "content_type": 7, "object_id": "14", "object_repr": "Batik Modern", "action_flag": 1, "change_message": "[{\"added\": {}}]"}}, {"model": "admin.logentry", "pk": 99, "fields": {"action_time": "2025-12-16T08:13:30.225Z", "user": 3, "content_type": 8, "object_id": "32", "object_repr": "Kain Mentahan", "action_flag": 1, "change_message": "[{\"added\": {}}]"}}, {"model": "admin.logentry", "pk": 100, "fields": {"action_time": "2025-12-16T08:59:53.252Z", "user": 3, "content_type": 14, "object_id": "1", "object_repr": "ana_sha - Kain Mentahan (5)", "action_flag": 1, "change_message": "[{\"added\": {}}]"}}, {"model": "admin.logentry", "pk": 101, "fields": {"action_time": "2025-12-16T09:42:31.261Z", "user": 3, "content_type": 14, "object_id": "2", "object_repr": "ana_sha - Kain Mentahan", "action_flag": 3, "change_message": ""}}, {"model": "admin.logentry", "pk": 102, "fields": {"action_time": "2025-12-16T09:42:35.734Z", "user": 3, "content_type": 14, "object_id": "1", "object_repr": "ana_sha - Kain Mentahan", "action_flag": 3, "change_message": ""}}, {"model": "admin.logentry", "pk": 103, "fields": {"action_time": "2025-12-16T17:30:49.492Z", "user": 3, "content_type": 4, "object_id": "2", "object_repr": "ana_sha", "action_flag": 3, "change_message": ""}}, {"model": "admin.logentry", "pk": 104, "fields": {"action_time": "2025-12-16T17:31:58.866Z", "user": 3, "content_type": 4, "object_id": "4", "object_repr": "ana123", "action_flag": 3, "change_message": ""}}, {"model": "auth.user", "pk": 3, "fields": {"password": "pbkdf2_sha256$1000000$ZVu0LDHelolrnacdgOxBBA$xpuK7hSq+YfH0TR+SOmjEJpIanX/NmUn1mSjOPJd3i4=", "last_login": "2025-12-17T16:54:21.938Z", "is_superuser": true, "username": "admin_baru", "first_name": "", "last_name": "", "email": "admin2@gmail.com", "is_staff": true, "is_active": true, "date_joined": "2025-10-25T16:13:19.020Z", "groups": [], "user_permissions": []}}, {"model": "auth.user", "pk": 5, "fields": {"password": "pbkdf2_sha256$1000000$xiCqSy3R63IlHjR4DJEBEB$29Qek/lLfmYdn0yDMO94BcAB5nCE3DflaqpXOJdkz0M=", "last_login": "2025-12-18T14:40:52.605Z", "is_superuser": false, "username": "ana1234@gmail.com", "first_name": "Nur Fitriana", "last_name": "", "email": "ana1234@gmail.com", "is_staff": false, "is_active": true, "date_joined": "2025-12-16T17:32:42.076Z", "groups": [], "user_permissions": []}}, {"model": "auth.user", "pk": 6, "fields": {"password": "pbkdf2_sha256$1000000$0cZmtaZulgHqyev9BzVWHB$U2bs2DU1LvTwOxT8Z1y5oqiLuBFNuMH7TL8chzSfWL8=", "last_login": "2025-12-17T17:11:53.545Z", "is_superuser": false, "username": "haifan_cantik", "first_name": "haifan", "last_name": "", "email": "haifan123@gmail.com", "is_staff": false, "is_active": true, "date_joined": "2025-12-17T17:11:48.690Z", "groups": [], "user_permissions": []}}, {"model": "sessions.session", "pk": "0hnfiw69qyhoz3rr2m4b8vod0qewfvze", "fields": {"session_data": ".eJxVjDsOwjAQBe_iGln-O1DS5wzW2ruLA8iR4qRC3B0ipYD2zcx7iQTbWtPWaUkTiovw4vS7ZSgPajvAO7TbLMvc1mXKclfkQbscZ6Tn9XD_Dir0-q2Nd-dYBmMBkMm5ostAhMFbD4gIXMCobIMCq0LU2mfmwJGCyoxaRfH-AAJWOLI:1vVZVu:eFbQaW6VDVjnHfc3z8x4Fo_z2Bwvg5NJRY8TvdHAhjA", "expire_date": "2025-12-30T18:11:10.116Z"}}, {"model": "sessions.session", "pk": "1ro2uuu5ssfccry5s9rfug7q9uw2c126", "fields": {"session_data": ".eJxVjDsOwyAQBe9CHSE-Zg0p0_sMaGEhOIlAMnYV5e4RkoukfTPz3szjsRd_9LT5ldiVaXb53QLGZ6oD0APrvfHY6r6tgQ-Fn7TzpVF63U7376BgL6POhmxWySpBZCBFFyfSOEOQWgaYtHCOjIxOiQA6IxoQFGEWToO1ZNnnC_LQN7E:1vVun7:6hDMpv6q8gvkctdjV2AIOvaUqoAYlHRF8kfnC77WCeU", "expire_date": "2025-12-31T16:54:21.953Z"}}, {"model": "sessions.session", "pk": "6yx82negjpashrxekfp3l7kmodrjyvtu", "fields": {"session_data": ".eJxVjjsOgzAQRO-ydWRh_KdMzxmQd70EQmQkDBXi7gGJImnnzTzNDl3c1qHbCi_dmKCBGh6_GUaaOF8gvWN-zYLmvC4jiqsiblpEOyf-PO_un2CIZTjXgTy7OgXsrVQWrbJRGaOl1Np6n7BKrmZPSAZ9CA6JNVVVb3okcsa7UzrxEvN1ApodlIRGHscXtVg-Uw:1vVQ7f:zlFeIUOgFEaB-KeFuHP_dlhVbBOFCYA7-Q_Yif2i9sg", "expire_date": "2025-12-30T08:09:31.222Z"}}, {"model": "sessions.session", "pk": "ihjow2ijyzqfhygsmu6j2ud2dyfgxhgv", "fields": {"session_data": ".eJxVjjsOgzAQRO_iOrIM_lOm5wyWd70EQmQkGyrE3QMSRdLOm3manYW4rWPYKpUwJdaxlj1-M4g4U75Aesf8WjgueS0T8KvCb1p5vyT6PO_un2CMdTzXHh3ZNnkYTCMNGGmi1Fo1jVLGuQQi2ZYcAmpw3ltAUijEoAdAtNrZUzpTifk6wbr9OL5F5T1A:1vNmLt:obOYKyApRuZKeqrYoVAk1Vq--9i1KwNvMIRZIW_gbuA", "expire_date": "2025-12-09T06:16:37.604Z"}}, {"model": "sessions.session", "pk": "ptn12v7vu5xs1prilhbdve5j2qkbsk8z", "fields": {"session_data": ".eJxVjDsOwyAQBe9CHSE-Zg0p0_sMaGEhOIlAMnYV5e4RkoukfTPz3szjsRd_9LT5ldiVaXb53QLGZ6oD0APrvfHY6r6tgQ-Fn7TzpVF63U7376BgL6POhmxWySpBZCBFFyfSOEOQWgaYtHCOjIxOiQA6IxoQFGEWToO1ZNnnC_LQN7E:1vUIwq:6XRmliotgCovBPiBlribeDuszAcQ79H7K_5gfEaNKuo", "expire_date": "2025-12-27T06:17:44.323Z"}}, {"model": "sessions.session", "pk": "q4dwntgja7dpxmwjmuapmtjx5yny16j7", "fields": {"session_data": ".eJxVjDsOwjAQBe_iGln-xbEp6XMGa727JgEUS3FSIe5OIqWA9s3Me4sE2zqmrfGSJhJXocXld8uAT54PQA-Y71VinddlyvJQ5EmbHCrx63a6fwcjtHGvPZMJ5A0yQbSWo1Y-knVK970ODg0h-ozFQle8Kqgw7IJxXfQlFmDx-QLmnDgQ:1v6lXy:f3tk9Z9q6TGDwKHEO-kuSmJF3r5czoqR2rTl4Q3GzaI", "expire_date": "2025-10-23T07:58:46.148Z"}}, {"model": "sessions.session", "pk": "t8mkczv09qgfqlgowaj91yv9yjgdklnl", "fields": {"session_data": ".eJxVjMsOwiAQRf-FtSFAebp07zcQZhikaiAp7cr479qkC93ec859sZi2tcZt0BLnzM5MsdPvBgkf1HaQ76ndOsfe1mUGviv8oINfe6bn5XD_Dmoa9VsH9ORUDlCsnCzYyabJGC2l1tb7DCI7RR4BDfgQHCBpFKKYAojOeMfeH9hmN-0:1vUQRc:B0sbF-uFFHhY1hdBqHz0p3YFUIbqhHmMqaFKWITL0G8", "expire_date": "2025-12-27T14:18:00.312Z"}}, {"model": "sessions.session", "pk": "xcdhk7vyi4frshlzg6scq1q91mwygqq3", "fields": {"session_data": ".eJxVjssOgyAURP-FdUNAXtZl9_0GcuFeirXBBHVl_PdK4qLdzpk5mZ152Nbst4WqH5ENzLDbbxYgTlQawDeU18zjXNY6Bt4q_KILf85In8fV_RNkWPK57oy-u9h3CgATaR1l7InQGmUAESFF6ERQVoAS1klpQko2ObIiJJTCndKJKpR2gg37cXwBe1E-BQ:1vXv1R:cQk5Vp61gNMOYnYkKlBiaq-cXjE2KGj3ziRE5ITqEyI", "expire_date": "2026-01-06T05:33:25.306Z"}}, {"model": "toko.kategori", "pk": 7, "fields": {"nama": "Batik Tulis Wonogiren", "slug": "batik-tulis"}}, {"model": "toko.kategori", "pk": 8, "fields": {"nama": "Batik Ciprat", "slug": "batik-ciprat"}}, {"model": "toko.kategori", "pk": 9, "fields": {"nama": "Batik Cap", "slug": "batik-cap"}}, {"model": "toko.kategori", "pk": 10, "fields": {"nama": "Batik Kontemporer", "slug": "batik-kontemporer"}}, {"model": "toko.kategori", "pk": 11, "fields": {"nama": "Warna Alam", "slug": "warna-alam"}}, {"model": "toko.kategori", "pk": 12, "fields": {"nama": "Batik Semi Tulis & Cap", "slug": "bati-semi-tulis-cap"}}, {"model": "toko.kategori", "pk": 13, "fields": {"nama": "Kain Mentahan", "slug": "kain-mentahan"}}, {"model": "toko.kategori", "pk": 14, "fields": {"nama": "Batik Modern", "slug": "batik-modern"}}, {"model": "toko.produk", "pk": 10, "fields": {"nama": "Batik Remekan Wonogiren Motif Bunga Tabur (Sogan)", "slug": "batik-wonogiren-motif-bunga-tabur-warna-sogan", "gambar": "produk_gambar/batik7-fix.jpg", "deskripsi": "", "harga": "150000.00", "stok": 43, "tersedia": true, "dibuat": "2025-12-13T15:40:38.336Z", "kategori": [9]}}, {"model": "toko.produk", "pk": 11, "fields": {"nama": "Batik Remekan Wonogiren Motif Lung Pakis", "slug": "batik-remekan-wonogiren-motif-lung-pakis", "gambar": "produk_gambar/batik11-fix.jpg", "deskripsi": "", "harga": "300000.00", "stok": 43, "tersedia": true, "dibuat": "2025-12-13T15:43:23.976Z", "kategori": [7, 11]}}, {"model": "toko.produk", "pk": 12, "fields": {"nama": "Batik Remekan Wonogiren Motif Dedaunan Tropis", "slug": "batik-remekan-wonogiren-motif-dedaunan-tropis", "gambar": "produk_gambar/batik4-fix_mCSvcTl.jpg", "deskripsi": "", "harga": "150000.00", "stok": 100, "tersedia": true, "dibuat": "2025-12-13T15:46:45.582Z", "kategori": [9]}}, {"model": "toko.produk", "pk": 13, "fields": {"nama": "Batik Wonogiren Motif Kepang Kembang", "slug": "batik-wonogiren-motif-kepang-kembang", "gambar": "produk_gambar/batik12-fix.jpg", "deskripsi": "", "harga": "250000.00", "stok": 48, "tersedia": true, "dibuat": "2025-12-13T15:48:01.953Z", "kategori": [7, 11]}}, {"model": "toko.produk", "pk": 14, "fields": {"nama": "Batik Remekan Wonogiren Motif Kupu-kupu", "slug": "batik-remekan-wonogiren-motif-kupu-kupu", "gambar": "produk_gambar/batik13-fix.jpg", "deskripsi": "", "harga": "165000.00", "stok": 89, "tersedia": true, "dibuat": "2025-12-13T15:49:37.062Z", "kategori": [9]}}, {"model": "toko.produk", "pk": 15, "fields": {"nama": "Batik Wonogiren Motif Lereng Burung Hong", "slug": "batik-wonogiren-motif-lereng-burung-hong", "gambar": "produk_gambar/batik9-fix.jpg", "deskripsi": "", "harga": "280000.00", "stok": 35, "tersedia": true, "dibuat": "2025-12-13T15:52:10.114Z", "kategori": [7, 11]}}, {"model": "toko.produk", "pk": 16, "fields": {"nama": "Batik Remekan Wonogiren Motif Kipas Tari Nusantara", "slug": "batik-remekan-wonogiren-motif-kipas-tari-nusantara", "gambar": "produk_gambar/batik6-fix_7N73jwp.jpg", "deskripsi": "", "harga": "145000.00", "stok": 75, "tersedia": true, "dibuat": "2025-12-13T15:53:07.407Z", "kategori": [9]}}, {"model": "toko.produk", "pk": 17, "fields": {"nama": "Batik Remekan Wonogiren Motif Tumpal Pecah", "slug": "batik-remekan-wonogiren-motif-tumpal-pecah", "gambar": "produk_gambar/batik5-fix_SDcNIxG.jpg", "deskripsi": "", "harga": "250000.00", "stok": 61, "tersedia": true, "dibuat": "2025-12-13T15:54:19.889Z", "kategori": [7]}}, {"model": "toko.produk", "pk": 18, "fields": {"nama": "Batik Wonogiren Motif Kombinasi Teratai & Catur", "slug": "batik-wonogiren-motif-kombinasi-teratai-catur", "gambar": "produk_gambar/batik8-fix.jpg", "deskripsi": "", "harga": "350000.00", "stok": 15, "tersedia": true, "dibuat": "2025-12-13T15:55:23.508Z", "kategori": [7, 11]}}, {"model": "toko.produk", "pk": 19, "fields": {"nama": "Batik Remekan Wonogiren Motif Kombinasi Gedheg & Kawung", "slug": "batik-remekan-wonogiren-motif-kombinasi-gedheg-kawung", "gambar": "produk_gambar/batik10-fix.jpg", "deskripsi": "", "harga": "300000.00", "stok": 16, "tersedia": true, "dibuat": "2025-12-13T15:56:30.134Z", "kategori": [7, 11]}}, {"model": "toko.produk", "pk": 20, "fields": {"nama": "Batik Remekan Wonogiren Motif Semen Romo Sogan", "slug": "batik-remekan-wonogiren-motif-semen-romo-sogan", "gambar": "produk_gambar/batik20-fix.jpg", "deskripsi": "", "harga": "400000.00", "stok": 35, "tersedia": true, "dibuat": "2025-12-13T16:00:42.787Z", "kategori": [7, 11]}}, {"model": "toko.produk", "pk": 21, "fields": {"nama": "Batik Remekan Wonogiren Motif Ceplok Mahkota Raja", "slug": "batik-remekan-wonogiren-motif-ceplok-mahkota-raja", "gambar": "produk_gambar/batik21-fix.jpg", "deskripsi": "", "harga": "375000.00", "stok": 20, "tersedia": true, "dibuat": "2025-12-13T16:01:40.070Z", "kategori": [7, 11]}}, {"model": "toko.produk", "pk": 22, "fields": {"nama": "Batik Remekan Wonogiren Motif Parang Klitik Stilisasi", "slug": "batik-remekan-wonogiren-motif-parang-klitik-stilisasi", "gambar": "produk_gambar/batik23-fix.jpg", "deskripsi": "", "harga": "375000.00", "stok": 21, "tersedia": true, "dibuat": "2025-12-13T16:03:09.556Z", "kategori": [7, 11]}}, {"model": "toko.produk", "pk": 23, "fields": {"nama": "Batik Remekan Wonogiren Motif Gurdo Kembang Setaman", "slug": "batik-remekan-wonogiren-motif-gurdo-kembang-setaman", "gambar": "produk_gambar/batik11-fix_Ay9Z1cP.jpg", "deskripsi": "", "harga": "250000.00", "stok": 33, "tersedia": true, "dibuat": "2025-12-13T16:04:27.127Z", "kategori": [7, 11]}}, {"model": "toko.produk", "pk": 24, "fields": {"nama": "Batik Remekan Wonogiren Motif Bunga Hitam Kontras", "slug": "batik-remekan-wonogiren-motif-bunga-hitam-kontras", "gambar": "produk_gambar/batik22-fix.jpg", "deskripsi": "", "harga": "200000.00", "stok": 9, "tersedia": true, "dibuat": "2025-12-13T16:06:22.588Z", "kategori": [9, 11]}}, {"model": "toko.produk", "pk": 25, "fields": {"nama": "Batik Remekan Wonogiren Motif Daun Jarak", "slug": "batik-remekan-wonogiren-motif-daun-jarak", "gambar": "produk_gambar/batik15-fix.jpg", "deskripsi": "", "harga": "175000.00", "stok": 38, "tersedia": true, "dibuat": "2025-12-13T16:07:17.050Z", "kategori": [9, 11]}}, {"model": "toko.produk", "pk": 26, "fields": {"nama": "Batik Wonogiren Motif Mandala Kamboja", "slug": "batik-wonogiren-motif-mandala-kamboja", "gambar": "produk_gambar/batik14-fix.jpg", "deskripsi": "", "harga": "165000.00", "stok": 17, "tersedia": true, "dibuat": "2025-12-13T16:08:23.676Z", "kategori": [7, 11]}}, {"model": "toko.produk", "pk": 27, "fields": {"nama": "Batik Remekan Wonogiren Motif Sulur Anggrek Tepi Gelap", "slug": "batik-remekan-wonogiren-motif-sulur-anggrek-tepi-gelap", "gambar": "produk_gambar/batik17-fix.jpg", "deskripsi": "", "harga": "250000.00", "stok": 120, "tersedia": true, "dibuat": "2025-12-13T16:09:26.923Z", "kategori": [7, 11]}}, {"model": "toko.produk", "pk": 28, "fields": {"nama": "Batik Remekan Wonogiren Motif Ceplok Serangga Unik", "slug": "batik-remekan-wonogiren-motif-ceplok-serangga-unik", "gambar": "produk_gambar/batik19-fix.jpg", "deskripsi": "", "harga": "465000.00", "stok": 135, "tersedia": true, "dibuat": "2025-12-13T16:12:18.595Z", "kategori": [11, 12]}}, {"model": "toko.produk", "pk": 29, "fields": {"nama": "Batik Remekan Wonogiren Motif Ceplok Manggis Seling Garis", "slug": "batik-remekan-wonogiren-motif-ceplok-manggis-seling-garis", "gambar": "produk_gambar/batik26-fix.jpg", "deskripsi": "", "harga": "190000.00", "stok": 77, "tersedia": true, "dibuat": "2025-12-13T16:17:49.032Z", "kategori": [12]}}, {"model": "toko.produk", "pk": 30, "fields": {"nama": "Batik Remekan Wonogiren Motif Ceplok Kembang Tanjung", "slug": "batik-remekan-wonogiren-motif-ceplok-kembang-tanjung", "gambar": "produk_gambar/batik25-fix.jpg", "deskripsi": "", "harga": "195000.00", "stok": 37, "tersedia": true, "dibuat": "2025-12-13T16:18:44.465Z", "kategori": [12]}}, {"model": "toko.produk", "pk": 31, "fields": {"nama": "Batik Remekan Wonogiren Motif Kombinasi Kawung Lereng", "slug": "batik-remekan-wonogiren-motif-kombinasi-kawung-lereng", "gambar": "produk_gambar/batik27-fix.jpg", "deskripsi": "", "harga": "250000.00", "stok": 13, "tersedia": true, "dibuat": "2025-12-13T16:19:49.236Z", "kategori": [7, 11]}}, {"model": "toko.produk", "pk": 32, "fields": {"nama": "Kain Mentahan", "slug": "kain-mentahan", "gambar": "produk_gambar/Gambar_WhatsApp_2025-06-20_pukul_12.42.20_547a80a0.jpg", "deskripsi": "", "harga": "95000.00", "stok": 1000, "tersedia": true, "dibuat": "2025-12-16T08:13:30.170Z", "kategori": [13]}}, {"model": "toko.order", "pk": 39, "fields": {"user": null, "nama_depan": "Nur", "nama_belakang": "Shalihah", "email": "nurfitrianashalihah@gmail.com", "telepon": "085878047201", "alamat": "SURUPAN, 001/001, BULUREJO, NGUNTORONADI", "kode_pos": "57671", "dibuat": "2025-12-13T16:20:48.273Z", "status_pengiriman": "pending", "nomor_resi": null, "total_bayar": "900000.00", "lunas": true, "bukti_pembayaran": "", "kota": "KAB. WONOGIRI", "ongkir": "25000.00"}}, {"model": "toko.order", "pk": 40, "fields": {"user": null, "nama_depan": "Nur", "nama_belakang": "Shalihah", "email": "nurfitrianashalihah@gmail.com", "telepon": "085878047201", "alamat": "SURUPAN, 001/001, BULUREJO, NGUNTORONADI", "kode_pos": "57671", "dibuat": "2025-12-16T04:16:56.908Z", "status_pengiriman": "pending", "nomor_resi": null, "total_bayar": "470000.00", "lunas": false, "bukti_pembayaran": "", "kota": "KAB. WONOGIRI", "ongkir": "25000.00"}}, {"model": "toko.order", "pk": 42, "fields": {"user": 5, "nama_depan": "Nur", "nama_belakang": "Shalihah", "email": "nurfitrianashalihah@gmail.com", "telepon": "085878047201", "alamat": "SURUPAN, 001/001, BULUREJO, NGUNTORONADI", "kode_pos": "57671", "dibuat": "2025-12-18T14:41:29.139Z", "status_pengiriman": "pending", "nomor_resi": null, "total_bayar": "365000.00", "lunas": false, "bukti_pembayaran": "", "kota": "KAB. WONOGIRI", "ongkir": "10000.00"}}, {"model": "toko.order", "pk": 43, "fields": {"user": 5, "nama_depan": "Nur", "nama_belakang": "Shalihah", "email": "nurfitrianashalihah@gmail.com", "telepon": "085878047201", "alamat": "SURUPAN, 001/001, BULUREJO, NGUNTORONADI", "kode_pos": "57671", "dibuat": "2025-12-23T03:50:44.211Z", "status_pengiriman": "pending", "nomor_resi": null, "total_bayar": "400000.00", "lunas": true, "bukti_pembayaran": "", "kota": "KAB. WONOGIRI", "ongkir": "10000.00"}}, {"model": "toko.order", "pk": 44, "fields": {"user": 5, "nama_depan": "Nur", "nama_belakang": "Shalihah", "email": "nurfitrianashalihah@gmail.com", "telepon": "085878047201", "alamat": "SURUPAN, 001/001, BULUREJO, NGUNTORONADI", "kode_pos": "57671", "dibuat": "2025-12-23T05:33:25.239Z", "status_pengiriman": "pending", "nomor_resi": null, "total_bayar": "390000.00", "lunas": true, "bukti_pembayaran": "", "kota": "KAB. WONOGIRI", "ongkir": "10000.00"}}, {"model": "toko.orderitem", "pk": 53, "fields": {"order": 39, "produk": 22, "harga": "375000.00", "jumlah": 1}}, {"model": "toko.orderitem", "pk": 54, "fields": {"order": 39, "produk": 17, "harga": "250000.00", "jumlah": 2}}, {"model": "toko.orderitem", "pk": 55, "fields": {"order": 40, "produk": 31, "harga": "250000.00", "jumlah": 1}}, {"model": "toko.orderitem", "pk": 56, "fields": {"order": 40, "produk": 30, "harga": "195000.00", "jumlah": 1}}, {"model": "toko.orderitem", "pk": 59, "fields": {"order": 42, "produk": 29, "harga": "190000.00", "jumlah": 1}}, {"model": "toko.orderitem", "pk": 60, "fields": {"order": 42, "produk": 26, "harga": "165000.00", "jumlah": 1}}, {"model": "toko.orderitem", "pk": 61, "fields": {"order": 43, "produk": 29, "harga": "190000.00", "jumlah": 1}}, {"model": "toko.orderitem", "pk": 62, "fields": {"order": 43, "produk": 24, "harga": "200000.00", "jumlah": 1}}, {"model": "toko.orderitem", "pk": 63, "fields": {"order": 44, "produk": 29, "harga": "190000.00", "jumlah": 1}}, {"model": "toko.orderitem", "pk": 64, "fields": {"order": 44, "produk": 32, "harga": "95000.00", "jumlah": 2}}, {"model": "toko.contactmessage", "pk": 1, "fields": {"nama": "Nur Fitriana Shalihah", "email": "nurfitrianashalihah@gmail.com", "subjek": "Komplain", "pesan": "Untuk batik remekan xxx kainnya sedikit memudar", "dibuat": "2025-11-08T11:02:24.469Z"}}, {"model": "toko.profile", "pk": 2, "fields": {"user": 3, "telepon": "", "role": "customer"}}, {"model": "toko.profile", "pk": 4, "fields": {"user": 5, "telepon": "+62123456780123", "role": "customer"}}, {"model": "toko.profile", "pk": 5, "fields": {"user": 6, "telepon": "08796543214", "role": "customer"}}, {"model": "toko.recommendationrule", "pk": 841, "fields": {"antecedent": 25, "consequent": 32, "support": "0.7812", "confidence": "0.9000", "lift": "1.5000"}}, {"model": "toko.recommendationrule", "pk": 842, "fields": {"antecedent": 24, "consequent": 32, "support": "0.7812", "confidence": "0.9000", "lift": "1.5000"}}, {"model": "toko.recommendationrule", "pk": 843, "fields": {"antecedent": 16, "consequent": 32, "support": "0.7812", "confidence": "0.9000", "lift": "1.5000"}}, {"model": "toko.recommendationrule", "pk": 844, "fields": {"antecedent": 14, "consequent": 32, "support": "0.7812", "confidence": "0.9000", "lift": "1.5000"}}, {"model": "toko.recommendationrule", "pk": 845, "fields": {"antecedent": 12, "consequent": 32, "support": "0.7812", "confidence": "0.9000", "lift": "1.5000"}}, {"model": "toko.recommendationrule", "pk": 846, "fields": {"antecedent": 10, "consequent": 32, "support": "0.7812", "confidence": "0.9000", "lift": "1.5000"}}, {"model": "toko.recommendationrule", "pk": 847, "fields": {"antecedent": 32, "consequent": 25, "support": "0.7812", "confidence": "0.9000", "lift": "1.5000"}}, {"model": "toko.recommendationrule", "pk": 848, "fields": {"antecedent": 32, "consequent": 24, "support": "0.7812", "confidence": "0.9000", "lift": "1.5000"}}, {"model": "toko.recommendationrule", "pk": 849, "fields": {"antecedent": 32, "consequent": 16, "support": "0.7812", "confidence": "0.9000", "lift": "1.5000"}}, {"model": "toko.recommendationrule", "pk": 850, "fields": {"antecedent": 32, "consequent": 14, "support": "0.7812", "confidence": "0.9000", "lift": "1.5000"}}, {"model": "toko.recommendationrule", "pk": 851, "fields": {"antecedent": 32, "consequent": 12, "support": "0.7812", "confidence": "0.9000", "lift": "1.5000"}}, {"model": "toko.recommendationrule", "pk": 852, "fields": {"antecedent": 31, "consequent": 28, "support": "0.1250", "confidence": "0.9000", "lift": "1.5000"}}, {"model": "toko.recommendationrule", "pk": 853, "fields": {"antecedent": 31, "consequent": 27, "support": "0.1250", "confidence": "0.9000", "lift": "1.5000"}}, {"model": "toko.recommendationrule", "pk": 854, "fields": {"antecedent": 31, "consequent": 26, "support": "0.1250", "confidence": "0.9000", "lift": "1.5000"}}, {"model": "toko.recommendationrule", "pk": 855, "fields": {"antecedent": 31, "consequent": 25, "support": "0.1250", "confidence": "0.9000", "lift": "1.5000"}}, {"model": "toko.recommendationrule", "pk": 856, "fields": {"antecedent": 27, "consequent": 31, "support": "0.1250", "confidence": "0.9000", "lift": "1.5000"}}, {"model": "toko.recommendationrule", "pk": 857, "fields": {"antecedent": 27, "consequent": 28, "support": "0.1250", "confidence": "0.9000", "lift": "1.5000"}}, {"model": "toko.recommendationrule", "pk": 858, "fields": {"antecedent": 27, "consequent": 26, "support": "0.1250", "confidence": "0.9000", "lift": "1.5000"}}, {"model": "toko.recommendationrule", "pk": 859, "fields": {"antecedent": 27, "consequent": 25, "support": "0.1250", "confidence": "0.9000", "lift": "1.5000"}}, {"model": "toko.recommendationrule", "pk": 860, "fields": {"antecedent": 26, "consequent": 31, "support": "0.1250", "confidence": "0.9000", "lift": "1.5000"}}, {"model": "toko.recommendationrule", "pk": 861, "fields": {"antecedent": 26, "consequent": 28, "support": "0.1250", "confidence": "0.9000", "lift": "1.5000"}}, {"model": "toko.recommendationrule", "pk": 862, "fields": {"antecedent": 26, "consequent": 27, "support": "0.1250", "confidence": "0.9000", "lift": "1.5000"}}, {"model": "toko.recommendationrule", "pk": 863, "fields": {"antecedent": 26, "consequent": 25, "support": "0.1250", "confidence": "0.9000", "lift": "1.5000"}}, {"model": "toko.recommendationrule", "pk": 864, "fields": {"antecedent": 23, "consequent": 31, "support": "0.1250", "confidence": "0.9000", "lift": "1.5000"}}, {"model": "toko.recommendationrule", "pk": 865, "fields": {"antecedent": 23, "consequent": 28, "support": "0.1250", "confidence": "0.9000", "lift": "1.5000"}}, {"model": "toko.recommendationrule", "pk": 866, "fields": {"antecedent": 23, "consequent": 27, "support": "0.1250", "confidence": "0.9000", "lift": "1.5000"}}, {"model": "toko.recommendationrule", "pk": 867, "fields": {"antecedent": 23, "consequent": 26, "support": "0.1250", "confidence": "0.9000", "lift": "1.5000"}}, {"model": "toko.recommendationrule", "pk": 868, "fields": {"antecedent": 23, "consequent": 25, "support": "0.1250", "confidence": "0.9000", "lift": "1.5000"}}, {"model": "toko.recommendationrule", "pk": 869, "fields": {"antecedent": 22, "consequent": 31, "support": "0.1250", "confidence": "0.9000", "lift": "1.5000"}}, {"model": "toko.recommendationrule", "pk": 870, "fields": {"antecedent": 22, "consequent": 28, "support": "0.1250", "confidence": "0.9000", "lift": "1.5000"}}, {"model": "toko.recommendationrule", "pk": 871, "fields": {"antecedent": 22, "consequent": 27, "support": "0.1250", "confidence": "0.9000", "lift": "1.5000"}}, {"model": "toko.recommendationrule", "pk": 872, "fields": {"antecedent": 22, "consequent": 26, "support": "0.1250", "confidence": "0.9000", "lift": "1.5000"}}, {"model": "toko.recommendationrule", "pk": 873, "fields": {"antecedent": 22, "consequent": 25, "support": "0.1250", "confidence": "0.9000", "lift": "1.5000"}}, {"model": "toko.recommendationrule", "pk": 874, "fields": {"antecedent": 21, "consequent": 31, "support": "0.1250", "confidence": "0.9000", "lift": "1.5000"}}, {"model": "toko.recommendationrule", "pk": 875, "fields": {"antecedent": 21, "consequent": 28, "support": "0.1250", "confidence": "0.9000", "lift": "1.5000"}}, {"model": "toko.recommendationrule", "pk": 876, "fields": {"antecedent": 21, "consequent": 27, "support": "0.1250", "confidence": "0.9000", "lift": "1.5000"}}, {"model": "toko.recommendationrule", "pk": 877, "fields": {"antecedent": 21, "consequent": 26, "support": "0.1250", "confidence": "0.9000", "lift": "1.5000"}}, {"model": "toko.recommendationrule", "pk": 878, "fields": {"antecedent": 21, "consequent": 25, "support": "0.1250", "confidence": "0.9000", "lift": "1.5000"}}, {"model": "toko.recommendationrule", "pk": 879, "fields": {"antecedent": 20, "consequent": 31, "support": "0.1250", "confidence": "0.9000", "lift": "1.5000"}}, {"model": "toko.recommendationrule", "pk": 880, "fields": {"antecedent": 20, "consequent": 28, "support": "0.1250", "confidence": "0.9000", "lift": "1.5000"}}, {"model": "toko.recommendationrule", "pk": 881, "fields": {"antecedent": 20, "consequent": 27, "support": "0.1250", "confidence": "0.9000", "lift": "1.5000"}}, {"model": "toko.recommendationrule", "pk": 882, "fields": {"antecedent": 20, "consequent": 26, "support": "0.1250", "confidence": "0.9000", "lift": "1.5000"}}, {"model": "toko.recommendationrule", "pk": 883, "fields": {"antecedent": 20, "consequent": 25, "support": "0.1250", "confidence": "0.9000", "lift": "1.5000"}}, {"model": "toko.recommendationrule", "pk": 884, "fields": {"antecedent": 19, "consequent": 31, "support": "0.1250", "confidence": "0.9000", "lift": "1.5000"}}, {"model": "toko.recommendationrule", "pk": 885, "fields": {"antecedent": 19, "consequent": 28, "support": "0.1250", "confidence": "0.9000", "lift": "1.5000"}}, {"model": "toko.recommendationrule", "pk": 886, "fields": {"antecedent": 19, "consequent": 27, "support": "0.1250", "confidence": "0.9000", "lift": "1.5000"}}, {"model": "toko.recommendationrule", "pk": 887, "fields": {"antecedent": 19, "consequent": 26, "support": "0.1250", "confidence": "0.9000", "lift": "1.5000"}}, {"model": "toko.recommendationrule", "pk": 888, "fields": {"antecedent": 19, "consequent": 25, "support": "0.1250", "confidence": "0.9000", "lift": "1.5000"}}, {"model": "toko.recommendationrule", "pk": 889, "fields": {"antecedent": 18, "consequent": 31, "support": "0.1250", "confidence": "0.9000", "lift": "1.5000"}}, {"model": "toko.recommendationrule", "pk": 890, "fields": {"antecedent": 18, "consequent": 28, "support": "0.1250", "confidence": "0.9000", "lift": "1.5000"}}, {"model": "toko.recommendationrule", "pk": 891, "fields": {"antecedent": 18, "consequent": 27, "support": "0.1250", "confidence": "0.9000", "lift": "1.5000"}}, {"model": "toko.recommendationrule", "pk": 892, "fields": {"antecedent": 18, "consequent": 26, "support": "0.1250", "confidence": "0.9000", "lift": "1.5000"}}, {"model": "toko.recommendationrule", "pk": 893, "fields": {"antecedent": 18, "consequent": 25, "support": "0.1250", "confidence": "0.9000", "lift": "1.5000"}}, {"model": "toko.recommendationrule", "pk": 894, "fields": {"antecedent": 17, "consequent": 31, "support": "0.1250", "confidence": "0.9000", "lift": "1.5000"}}, {"model": "toko.recommendationrule", "pk": 895, "fields": {"antecedent": 17, "consequent": 28, "support": "0.1250", "confidence": "0.9000", "lift": "1.5000"}}, {"model": "toko.recommendationrule", "pk": 896, "fields": {"antecedent": 17, "consequent": 27, "support": "0.1250", "confidence": "0.9000", "lift": "1.5000"}}, {"model": "toko.recommendationrule", "pk": 897, "fields": {"antecedent": 17, "consequent": 26, "support": "0.1250", "confidence": "0.9000", "lift": "1.5000"}}, {"model": "toko.recommendationrule", "pk": 898, "fields": {"antecedent": 17, "consequent": 25, "support": "0.1250", "confidence": "0.9000", "lift": "1.5000"}}, {"model": "toko.recommendationrule", "pk": 899, "fields": {"antecedent": 15, "consequent": 31, "support": "0.1250", "confidence": "0.9000", "lift": "1.5000"}}, {"model": "toko.recommendationrule", "pk": 900, "fields": {"antecedent": 15, "consequent": 28, "support": "0.1250", "confidence": "0.9000", "lift": "1.5000"}}, {"model": "toko.recommendationrule", "pk": 901, "fields": {"antecedent": 15, "consequent": 27, "support": "0.1250", "confidence": "0.9000", "lift": "1.5000"}}, {"model": "toko.recommendationrule", "pk": 902, "fields": {"antecedent": 15, "consequent": 26, "support": "0.1250", "confidence": "0.9000", "lift": "1.5000"}}, {"model": "toko.recommendationrule", "pk": 903, "fields": {"antecedent": 15, "consequent": 25, "support": "0.1250", "confidence": "0.9000", "lift": "1.5000"}}, {"model": "toko.recommendationrule", "pk": 904, "fields": {"antecedent": 13, "consequent": 31, "support": "0.1250", "confidence": "0.9000", "lift": "1.5000"}}, {"model": "toko.recommendationrule", "pk": 905, "fields": {"antecedent": 13, "consequent": 28, "support": "0.1250", "confidence": "0.9000", "lift": "1.5000"}}, {"model": "toko.recommendationrule", "pk": 906, "fields": {"antecedent": 13, "consequent": 27, "support": "0.1250", "confidence": "0.9000", "lift": "1.5000"}}, {"model": "toko.recommendationrule", "pk": 907, "fields": {"antecedent": 13, "consequent": 26, "support": "0.1250", "confidence": "0.9000", "lift": "1.5000"}}, {"model": "toko.recommendationrule", "pk": 908, "fields": {"antecedent": 13, "consequent": 25, "support": "0.1250", "confidence": "0.9000", "lift": "1.5000"}}, {"model": "toko.recommendationrule", "pk": 909, "fields": {"antecedent": 11, "consequent": 31, "support": "0.1250", "confidence": "0.9000", "lift": "1.5000"}}, {"model": "toko.recommendationrule", "pk": 910, "fields": {"antecedent": 11, "consequent": 28, "support": "0.1250", "confidence": "0.9000", "lift": "1.5000"}}, {"model": "toko.recommendationrule", "pk": 911, "fields": {"antecedent": 11, "consequent": 27, "support": "0.1250", "confidence": "0.9000", "lift": "1.5000"}}, {"model": "toko.recommendationrule", "pk": 912, "fields": {"antecedent": 11, "consequent": 26, "support": "0.1250", "confidence": "0.9000", "lift": "1.5000"}}, {"model": "toko.recommendationrule", "pk": 913, "fields": {"antecedent": 11, "consequent": 25, "support": "0.1250", "confidence": "0.9000", "lift": "1.5000"}}, {"model": "toko.recommendationrule", "pk": 914, "fields": {"antecedent": 31, "consequent": 23, "support": "0.1250", "confidence": "0.9000", "lift": "1.5000"}}, {"model": "toko.recommendationrule", "pk": 915, "fields": {"antecedent": 31, "consequent": 22, "support": "0.1250", "confidence": "0.9000", "lift": "1.5000"}}, {"model": "toko.recommendationrule", "pk": 916, "fields": {"antecedent": 28, "consequent": 31, "support": "0.1250", "confidence": "0.9000", "lift": "1.5000"}}, {"model": "toko.recommendationrule", "pk": 917, "fields": {"antecedent": 28, "consequent": 27, "support": "0.1250", "confidence": "0.9000", "lift": "1.5000"}}, {"model": "toko.recommendationrule", "pk": 918, "fields": {"antecedent": 28, "consequent": 26, "support": "0.1250", "confidence": "0.9000", "lift": "1.5000"}}, {"model": "toko.recommendationrule", "pk": 919, "fields": {"antecedent": 28, "consequent": 23, "support": "0.1250", "confidence": "0.9000", "lift": "1.5000"}}, {"model": "toko.recommendationrule", "pk": 920, "fields": {"antecedent": 28, "consequent": 22, "support": "0.1250", "confidence": "0.9000", "lift": "1.5000"}}, {"model": "toko.recommendationrule", "pk": 921, "fields": {"antecedent": 27, "consequent": 23, "support": "0.1250", "confidence": "0.9000", "lift": "1.5000"}}, {"model": "toko.recommendationrule", "pk": 922, "fields": {"antecedent": 27, "consequent": 22, "support": "0.1250", "confidence": "0.9000", "lift": "1.5000"}}, {"model": "toko.recommendationrule", "pk": 923, "fields": {"antecedent": 26, "consequent": 23, "support": "0.1250", "confidence": "0.9000", "lift": "1.5000"}}, {"model": "toko.recommendationrule", "pk": 924, "fields": {"antecedent": 26, "consequent": 22, "support": "0.1250", "confidence": "0.9000", "lift": "1.5000"}}, {"model": "toko.recommendationrule", "pk": 925, "fields": {"antecedent": 25, "consequent": 31, "support": "0.1250", "confidence": "0.9000", "lift": "1.5000"}}, {"model": "toko.recommendationrule", "pk": 926, "fields": {"antecedent": 25, "consequent": 27, "support": "0.1250", "confidence": "0.9000", "lift": "1.5000"}}, {"model": "toko.recommendationrule", "pk": 927, "fields": {"antecedent": 25, "consequent": 26, "support": "0.1250", "confidence": "0.9000", "lift": "1.5000"}}, {"model": "toko.recommendationrule", "pk": 928, "fields": {"antecedent": 25, "consequent": 23, "support": "0.1250", "confidence": "0.9000", "lift": "1.5000"}}, {"model": "toko.recommendationrule", "pk": 929, "fields": {"antecedent": 25, "consequent": 22, "support": "0.1250", "confidence": "0.9000", "lift": "1.5000"}}, {"model": "toko.recommendationrule", "pk": 930, "fields": {"antecedent": 24, "consequent": 31, "support": "0.1250", "confidence": "0.9000", "lift": "1.5000"}}, {"model": "toko.recommendationrule", "pk": 931, "fields": {"antecedent": 24, "consequent": 27, "support": "0.1250", "confidence": "0.9000", "lift": "1.5000"}}, {"model": "toko.recommendationrule", "pk": 932, "fields": {"antecedent": 24, "consequent": 26, "support": "0.1250", "confidence": "0.9000", "lift": "1.5000"}}, {"model": "toko.recommendationrule", "pk": 933, "fields": {"antecedent": 24, "consequent": 23, "support": "0.1250", "confidence": "0.9000", "lift": "1.5000"}}, {"model": "toko.recommendationrule", "pk": 934, "fields": {"antecedent": 24, "consequent": 22, "support": "0.1250", "confidence": "0.9000", "lift": "1.5000"}}, {"model": "toko.recommendationrule", "pk": 935, "fields": {"antecedent": 23, "consequent": 22, "support": "0.1250", "confidence": "0.9000", "lift": "1.5000"}}, {"model": "toko.recommendationrule", "pk": 936, "fields": {"antecedent": 22, "consequent": 23, "support": "0.1250", "confidence": "0.9000", "lift": "1.5000"}}, {"model": "toko.recommendationrule", "pk": 937, "fields": {"antecedent": 21, "consequent": 23, "support": "0.1250", "confidence": "0.9000", "lift": "1.5000"}}, {"model": "toko.recommendationrule", "pk": 938, "fields": {"antecedent": 21, "consequent": 22, "support": "0.1250", "confidence": "0.9000", "lift": "1.5000"}}, {"model": "toko.recommendationrule", "pk": 939, "fields": {"antecedent": 20, "consequent": 23, "support": "0.1250", "confidence": "0.9000", "lift": "1.5000"}}, {"model": "toko.recommendationrule", "pk": 940, "fields": {"antecedent": 20, "consequent": 22, "support": "0.1250", "confidence": "0.9000", "lift": "1.5000"}}, {"model": "toko.recommendationrule", "pk": 941, "fields": {"antecedent": 19, "consequent": 23, "support": "0.1250", "confidence": "0.9000", "lift": "1.5000"}}, {"model": "toko.recommendationrule", "pk": 942, "fields": {"antecedent": 19, "consequent": 22, "support": "0.1250", "confidence": "0.9000", "lift": "1.5000"}}, {"model": "toko.recommendationrule", "pk": 943, "fields": {"antecedent": 18, "consequent": 23, "support": "0.1250", "confidence": "0.9000", "lift": "1.5000"}}, {"model": "toko.recommendationrule", "pk": 944, "fields": {"antecedent": 18, "consequent": 22, "support": "0.1250", "confidence": "0.9000", "lift": "1.5000"}}, {"model": "toko.recommendationrule", "pk": 945, "fields": {"antecedent": 15, "consequent": 23, "support": "0.1250", "confidence": "0.9000", "lift": "1.5000"}}, {"model": "toko.recommendationrule", "pk": 946, "fields": {"antecedent": 15, "consequent": 22, "support": "0.1250", "confidence": "0.9000", "lift": "1.5000"}}, {"model": "toko.recommendationrule", "pk": 947, "fields": {"antecedent": 13, "consequent": 23, "support": "0.1250", "confidence": "0.9000", "lift": "1.5000"}}, {"model": "toko.recommendationrule", "pk": 948, "fields": {"antecedent": 13, "consequent": 22, "support": "0.1250", "confidence": "0.9000", "lift": "1.5000"}}, {"model": "toko.recommendationrule", "pk": 949, "fields": {"antecedent": 11, "consequent": 23, "support": "0.1250", "confidence": "0.9000", "lift": "1.5000"}}, {"model": "toko.recommendationrule", "pk": 950, "fields": {"antecedent": 11, "consequent": 22, "support": "0.1250", "confidence": "0.9000", "lift": "1.5000"}}, {"model": "toko.recommendationrule", "pk": 951, "fields": {"antecedent": 31, "consequent": 32, "support": "0.0938", "confidence": "0.9000", "lift": "1.5000"}}, {"model": "toko.recommendationrule", "pk": 952, "fields": {"antecedent": 27, "consequent": 32, "support": "0.0938", "confidence": "0.9000", "lift": "1.5000"}}, {"model": "toko.recommendationrule", "pk": 953, "fields": {"antecedent": 26, "consequent": 32, "support": "0.0938", "confidence": "0.9000", "lift": "1.5000"}}, {"model": "toko.recommendationrule", "pk": 954, "fields": {"antecedent": 23, "consequent": 32, "support": "0.0938", "confidence": "0.9000", "lift": "1.5000"}}, {"model": "toko.recommendationrule", "pk": 955, "fields": {"antecedent": 22, "consequent": 32, "support": "0.0938", "confidence": "0.9000", "lift": "1.5000"}}, {"model": "toko.recommendationrule", "pk": 956, "fields": {"antecedent": 21, "consequent": 32, "support": "0.0938", "confidence": "0.9000", "lift": "1.5000"}}, {"model": "toko.recommendationrule", "pk": 957, "fields": {"antecedent": 20, "consequent": 32, "support": "0.0938", "confidence": "0.9000", "lift": "1.5000"}}, {"model": "toko.recommendationrule", "pk": 958, "fields": {"antecedent": 19, "consequent": 32, "support": "0.0938", "confidence": "0.9000", "lift": "1.5000"}}, {"model": "toko.recommendationrule", "pk": 959, "fields": {"antecedent": 18, "consequent": 32, "support": "0.0938", "confidence": "0.9000", "lift": "1.5000"}}, {"model": "toko.recommendationrule", "pk": 960, "fields": {"antecedent": 17, "consequent": 32, "support": "0.0938", "confidence": "0.9000", "lift": "1.5000"}}, {"model": "toko.recommendationrule", "pk": 961, "fields": {"antecedent": 15, "consequent": 32, "support": "0.0938", "confidence": "0.9000", "lift": "1.5000"}}, {"model": "toko.recommendationrule", "pk": 962, "fields": {"antecedent": 13, "consequent": 32, "support": "0.0938", "confidence": "0.9000", "lift": "1.5000"}}, {"model": "toko.recommendationrule", "pk": 963, "fields": {"antecedent": 11, "consequent": 32, "support": "0.0938", "confidence": "0.9000", "lift": "1.5000"}}, {"model": "toko.recommendationrule", "pk": 964, "fields": {"antecedent": 32, "consequent": 31, "support": "0.0938", "confidence": "0.9000", "lift": "1.5000"}}, {"model": "toko.recommendationrule", "pk": 965, "fields": {"antecedent": 32, "consequent": 27, "support": "0.0938", "confidence": "0.9000", "lift": "1.5000"}}, {"model": "toko.recommendationrule", "pk": 966, "fields": {"antecedent": 32, "consequent": 26, "support": "0.0938", "confidence": "0.9000", "lift": "1.5000"}}, {"model": "toko.recommendationrule", "pk": 967, "fields": {"antecedent": 32, "consequent": 23, "support": "0.0938", "confidence": "0.9000", "lift": "1.5000"}}, {"model": "toko.recommendationrule", "pk": 968, "fields": {"antecedent": 32, "consequent": 22, "support": "0.0938", "confidence": "0.9000", "lift": "1.5000"}}, {"model": "toko.ulasan", "pk": 3, "fields": {"produk": 32, "user": 5, "rating": 5, "komentar": "bagus banget", "dibuat": "2025-12-16T18:15:16.037Z"}}, {"model": "toko.ulasan", "pk": 4, "fields": {"produk": 32, "user": 6, "rating": 3, "komentar": "jelek", "dibuat": "2025-12-17T17:12:05.984Z"}}, {"model": "toko.ulasan", "pk": 5, "fields": {"produk": 23, "user": 6, "rating": 4, "komentar": "kualitas bagus banget", "dibuat": "2025-12-18T11:37:54.863Z"}}]
